en	am
The children are playing in the garden.	ልጆቹ በአትክልት ቦታው ውስጥ እየተጫወቱ ነው።
The children played in the garden.	ልጆቹ በአትክልት ቦታው ውስጥ ተጫወቱ።
The children are playing outside.	ልጆቹ ውጭ እየተጫወቱ ነው።
The children played outside.	ልጆቹ ውጭ ተጫወቱ።
The children are playing at school.	ልጆቹ ትምህርት ቤት ውስጥ እየተጫወቱ ነው።
The children played at school.	ልጆቹ ትምህርት ቤት ውስጥ ተጫወቱ።
The children are playing in the house.	ልጆቹ ቤት ውስጥ እየተጫወቱ ነው።
The children played in the house.	ልጆቹ ቤት ውስጥ ተጫወቱ።
The children are playing on the field.	ልጆቹ ሜዳ ላይ እየተጫወቱ ነው።
The children played on the field.	ልጆቹ ሜዳ ላይ ተጫወቱ።
The children are playing near the river.	ልጆቹ ወንዙ አጠገብ እየተጫወቱ ነው።
The children played near the river.	ልጆቹ ወንዙ አጠገብ ተጫወቱ።
The boys are playing in the garden.	ወንዶቹ ልጆች በአትክልት ቦታው ውስጥ እየተጫወቱ ነው።
The boys played in the garden.	ወንዶቹ ልጆች በአትክልት ቦታው ውስጥ ተጫወቱ።
The boys are playing outside.	ወንዶቹ ልጆች ውጭ እየተጫወቱ ነው።
The boys played outside.	ወንዶቹ ልጆች ውጭ ተጫወቱ።
The boys are playing at school.	ወንዶቹ ልጆች ትምህርት ቤት ውስጥ እየተጫወቱ ነው።
The boys played at school.	ወንዶቹ ልጆች ትምህርት ቤት ውስጥ ተጫወቱ።
The boys are playing in the house.	ወንዶቹ ልጆች ቤት ውስጥ እየተጫወቱ ነው።
The boys played in the house.	ወንዶቹ ልጆች ቤት ውስጥ ተጫወቱ።
The boys are playing on the field.	ወንዶቹ ልጆች ሜዳ ላይ እየተጫወቱ ነው።
The boys played on the field.	ወንዶቹ ልጆች ሜዳ ላይ ተጫወቱ።
The boys are playing near the river.	ወንዶቹ ልጆች ወንዙ አጠገብ እየተጫወቱ ነው።
The boys played near the river.	ወንዶቹ ልጆች ወንዙ አጠገብ ተጫወቱ።
The students are playing in the garden.	ተማሪዎቹ በአትክልት ቦታው ውስጥ እየተጫወቱ ነው።
The students played in the garden.	ተማሪዎቹ በአትክልት ቦታው ውስጥ ተጫወቱ።
The students are playing outside.	ተማሪዎቹ ውጭ እየተጫወቱ ነው።
The students played outside.	ተማሪዎቹ ውጭ ተጫወቱ።
The students are playing at school.	ተማሪዎቹ ትምህርት ቤት ውስጥ እየተጫወቱ ነው።
The students played at school.	ተማሪዎቹ ትምህርት ቤት ውስጥ ተጫወቱ።
The students are playing in the house.	ተማሪዎቹ ቤት ውስጥ እየተጫወቱ ነው።
The students played in the house.	ተማሪዎቹ ቤት ውስጥ ተጫወቱ።
The students are playing on the field.	ተማሪዎቹ ሜዳ ላይ እየተጫወቱ ነው።
The students played on the field.	ተማሪዎቹ ሜዳ ላይ ተጫወቱ።
The students are playing near the river.	ተማሪዎቹ ወንዙ አጠገብ እየተጫወቱ ነው።
The students played near the river.	ተማሪዎቹ ወንዙ አጠገብ ተጫወቱ።
My friends are playing in the garden.	ጓደኞቼ በአትክልት ቦታው ውስጥ እየተጫወቱ ነው።
My friends played in the garden.	ጓደኞቼ በአትክልት ቦታው ውስጥ ተጫወቱ።
My friends are playing outside.	ጓደኞቼ ውጭ እየተጫወቱ ነው።
My friends played outside.	ጓደኞቼ ውጭ ተጫወቱ።
My friends are playing at school.	ጓደኞቼ ትምህርት ቤት ውስጥ እየተጫወቱ ነው።
My friends played at school.	ጓደኞቼ ትምህርት ቤት ውስጥ ተጫወቱ።
My friends are playing in the house.	ጓደኞቼ ቤት ውስጥ እየተጫወቱ ነው።
My friends played in the house.	ጓደኞቼ ቤት ውስጥ ተጫወቱ።
My friends are playing on the field.	ጓደኞቼ ሜዳ ላይ እየተጫወቱ ነው።
My friends played on the field.	ጓደኞቼ ሜዳ ላይ ተጫወቱ።
My friends are playing near the river.	ጓደኞቼ ወንዙ አጠገብ እየተጫወቱ ነው።
My friends played near the river.	ጓደኞቼ ወንዙ አጠገብ ተጫወቱ።
They are playing in the garden.	እነሱ በአትክልት ቦታው ውስጥ እየተጫወቱ ነው።
They played in the garden.	እነሱ በአትክልት ቦታው ውስጥ ተጫወቱ።
They are playing outside.	እነሱ ውጭ እየተጫወቱ ነው።
They played outside.	እነሱ ውጭ ተጫወቱ።
They are playing at school.	እነሱ ትምህርት ቤት ውስጥ እየተጫወቱ ነው።
They played at school.	እነሱ ትምህርት ቤት ውስጥ ተጫወቱ።
They are playing in the house.	እነሱ ቤት ውስጥ እየተጫወቱ ነው።
They played in the house.	እነሱ ቤት ውስጥ ተጫወቱ።
They are playing on the field.	እነሱ ሜዳ ላይ እየተጫወቱ ነው።
They played on the field.	እነሱ ሜዳ ላይ ተጫወቱ።
They are playing near the river.	እነሱ ወንዙ አጠገብ እየተጫወቱ ነው።
They played near the river.	እነሱ ወንዙ አጠገብ ተጫወቱ።
The boy is playing in the garden.	ልጁ በአትክልት ቦታው ውስጥ እየተጫወተ ነው።
The boy played in the garden.	ልጁ በአትክልት ቦታው ውስጥ ተጫወተ።
The boy is playing outside.	ልጁ ውጭ እየተጫወተ ነው።
The boy played outside.	ልጁ ውጭ ተጫወተ።
The boy is playing at school.	ልጁ ትምህርት ቤት ውስጥ እየተጫወተ ነው።
The boy played at school.	ልጁ ትምህርት ቤት ውስጥ ተጫወተ።
The boy is playing in the house.	ልጁ ቤት ውስጥ እየተጫወተ ነው።
The boy played in the house.	ልጁ ቤት ውስጥ ተጫወተ።
The boy is playing on the field.	ልጁ ሜዳ ላይ እየተጫወተ ነው።
The boy played on the field.	ልጁ ሜዳ ላይ ተጫወተ።
The boy is playing near the river.	ልጁ ወንዙ አጠገብ እየተጫወተ ነው።
The boy played near the river.	ልጁ ወንዙ አጠገብ ተጫወተ።
My brother is playing in the garden.	ወንድሜ በአትክልት ቦታው ውስጥ እየተጫወተ ነው።
My brother played in the garden.	ወንድሜ በአትክልት ቦታው ውስጥ ተጫወተ።
My brother is playing outside.	ወንድሜ ውጭ እየተጫወተ ነው።
My brother played outside.	ወንድሜ ውጭ ተጫወተ።
My brother is playing at school.	ወንድሜ ትምህርት ቤት ውስጥ እየተጫወተ ነው።
My brother played at school.	ወንድሜ ትምህርት ቤት ውስጥ ተጫወተ።
My brother is playing in the house.	ወንድሜ ቤት ውስጥ እየተጫወተ ነው።
My brother played in the house.	ወንድሜ ቤት ውስጥ ተጫወተ።
My brother is playing on the field.	ወንድሜ ሜዳ ላይ እየተጫወተ ነው።
My brother played on the field.	ወንድሜ ሜዳ ላይ ተጫወተ።
My brother is playing near the river.	ወንድሜ ወንዙ አጠገብ እየተጫወተ ነው።
My brother played near the river.	ወንድሜ ወንዙ አጠገብ ተጫወተ።
He is playing in the garden.	እሱ በአትክልት ቦታው ውስጥ እየተጫወተ ነው።
He played in the garden.	እሱ በአትክልት ቦታው ውስጥ ተጫወተ።
He is playing outside.	እሱ ውጭ እየተጫወተ ነው።
He played outside.	እሱ ውጭ ተጫወተ።
He is playing at school.	እሱ ትምህርት ቤት ውስጥ እየተጫወተ ነው።
He played at school.	እሱ ትምህርት ቤት ውስጥ ተጫወተ።
He is playing in the house.	እሱ ቤት ውስጥ እየተጫወተ ነው።
He played in the house.	እሱ ቤት ውስጥ ተጫወተ።
He is playing on the field.	እሱ ሜዳ ላይ እየተጫወተ ነው።
He played on the field.	እሱ ሜዳ ላይ ተጫወተ።
He is playing near the river.	እሱ ወንዙ አጠገብ እየተጫወተ ነው።
He played near the river.	እሱ ወንዙ አጠገብ ተጫወተ።
The girl is playing in the garden.	ልጅቷ በአትክልት ቦታው ውስጥ እየተጫወተች ነው።
The girl played in the garden.	ልጅቷ በአትክልት ቦታው ውስጥ ተጫወተች።
The girl is playing outside.	ልጅቷ ውጭ እየተጫወተች ነው።
The girl played outside.	ልጅቷ ውጭ ተጫወተች።
The girl is playing at school.	ልጅቷ ትምህርት ቤት ውስጥ እየተጫወተች ነው።
The girl played at school.	ልጅቷ ትምህርት ቤት ውስጥ ተጫወተች።
The girl is playing in the house.	ልጅቷ ቤት ውስጥ እየተጫወተች ነው።
The girl played in the house.	ልጅቷ ቤት ውስጥ ተጫወተች።
The girl is playing on the field.	ልጅቷ ሜዳ ላይ እየተጫወተች ነው።
The girl played on the field.	ልጅቷ ሜዳ ላይ ተጫወተች።
The girl is playing near the river.	ልጅቷ ወንዙ አጠገብ እየተጫወተች ነው።
The girl played near the river.	ልጅቷ ወንዙ አጠገብ ተጫወተች።
My sister is playing in the garden.	እህቴ በአትክልት ቦታው ውስጥ እየተጫወተች ነው።
My sister played in the garden.	እህቴ በአትክልት ቦታው ውስጥ ተጫወተች።
My sister is playing outside.	እህቴ ውጭ እየተጫወተች ነው።
My sister played outside.	እህቴ ውጭ ተጫወተች።
My sister is playing at school.	እህቴ ትምህርት ቤት ውስጥ እየተጫወተች ነው።
My sister played at school.	እህቴ ትምህርት ቤት ውስጥ ተጫወተች።
My sister is playing in the house.	እህቴ ቤት ውስጥ እየተጫወተች ነው።
My sister played in the house.	እህቴ ቤት ውስጥ ተጫወተች።
My sister is playing on the field.	እህቴ ሜዳ ላይ እየተጫወተች ነው።
My sister played on the field.	እህቴ ሜዳ ላይ ተጫወተች።
My sister is playing near the river.	እህቴ ወንዙ አጠገብ እየተጫወተች ነው።
My sister played near the river.	እህቴ ወንዙ አጠገብ ተጫወተች።
She is playing in the garden.	እሷ በአትክልት ቦታው ውስጥ እየተጫወተች ነው።
She played in the garden.	እሷ በአትክልት ቦታው ውስጥ ተጫወተች።
She is playing outside.	እሷ ውጭ እየተጫወተች ነው።
She played outside.	እሷ ውጭ ተጫወተች።
She is playing at school.	እሷ ትምህርት ቤት ውስጥ እየተጫወተች ነው።
She played at school.	እሷ ትምህርት ቤት ውስጥ ተጫወተች።
She is playing in the house.	እሷ ቤት ውስጥ እየተጫወተች ነው።
She played in the house.	እሷ ቤት ውስጥ ተጫወተች።
She is playing on the field.	እሷ ሜዳ ላይ እየተጫወተች ነው።
She played on the field.	እሷ ሜዳ ላይ ተጫወተች።
She is playing near the river.	እሷ ወንዙ አጠገብ እየተጫወተች ነው።
She played near the river.	እሷ ወንዙ አጠገብ ተጫወተች።
We are playing in the garden.	እኛ በአትክልት ቦታው ውስጥ እየተጫወትን ነው።
We played in the garden.	እኛ በአትክልት ቦታው ውስጥ ተጫወትን።
We are playing outside.	እኛ ውጭ እየተጫወትን ነው።
We played outside.	እኛ ውጭ ተጫወትን።
We are playing at school.	እኛ ትምህርት ቤት ውስጥ እየተጫወትን ነው።
We played at school.	እኛ ትምህርት ቤት ውስጥ ተጫወትን።
We are playing in the house.	እኛ ቤት ውስጥ እየተጫወትን ነው።
We played in the house.	እኛ ቤት ውስጥ ተጫወትን።
We are playing on the field.	እኛ ሜዳ ላይ እየተጫወትን ነው።
We played on the field.	እኛ ሜዳ ላይ ተጫወትን።
We are playing near the river.	እኛ ወንዙ አጠገብ እየተጫወትን ነው።
We played near the river.	እኛ ወንዙ አጠገብ ተጫወትን።
I am playing in the garden.	እኔ በአትክልት ቦታው ውስጥ እየተጫወትኩ ነው።
I played in the garden.	እኔ በአትክልት ቦታው ውስጥ ተጫወትኩ።
I am playing outside.	እኔ ውጭ እየተጫወትኩ ነው።
I played outside.	እኔ ውጭ ተጫወትኩ።
I am playing at school.	እኔ ትምህርት ቤት ውስጥ እየተጫወትኩ ነው።
I played at school.	እኔ ትምህርት ቤት ውስጥ ተጫወትኩ።
I am playing in the house.	እኔ ቤት ውስጥ እየተጫወትኩ ነው።
I played in the house.	እኔ ቤት ውስጥ ተጫወትኩ።
I am playing on the field.	እኔ ሜዳ ላይ እየተጫወትኩ ነው።
I played on the field.	እኔ ሜዳ ላይ ተጫወትኩ።
I am playing near the river.	እኔ ወንዙ አጠገብ እየተጫወትኩ ነው።
I played near the river.	እኔ ወንዙ አጠገብ ተጫወትኩ።
The children are playing football.	ልጆቹ እግር ኳስ እየተጫወቱ ነው።
The children are playing basketball.	ልጆቹ የቅርጫት ኳስ እየተጫወቱ ነው።
The children are playing cards.	ልጆቹ ካርታ እየተጫወቱ ነው።
The children are playing a game.	ልጆቹ ጨዋታ እየተጫወቱ ነው።
The boys are playing football.	ወንዶቹ ልጆች እግር ኳስ እየተጫወቱ ነው።
The boys are playing basketball.	ወንዶቹ ልጆች የቅርጫት ኳስ እየተጫወቱ ነው።
The boys are playing cards.	ወንዶቹ ልጆች ካርታ እየተጫወቱ ነው።
The boys are playing a game.	ወንዶቹ ልጆች ጨዋታ እየተጫወቱ ነው።
The students are playing football.	ተማሪዎቹ እግር ኳስ እየተጫወቱ ነው።
The students are playing basketball.	ተማሪዎቹ የቅርጫት ኳስ እየተጫወቱ ነው።
The students are playing cards.	ተማሪዎቹ ካርታ እየተጫወቱ ነው።
The students are playing a game.	ተማሪዎቹ ጨዋታ እየተጫወቱ ነው።
My friends are playing football.	ጓደኞቼ እግር ኳስ እየተጫወቱ ነው።
My friends are playing basketball.	ጓደኞቼ የቅርጫት ኳስ እየተጫወቱ ነው።
My friends are playing cards.	ጓደኞቼ ካርታ እየተጫወቱ ነው።
My friends are playing a game.	ጓደኞቼ ጨዋታ እየተጫወቱ ነው።
They are playing football.	እነሱ እግር ኳስ እየተጫወቱ ነው።
They are playing basketball.	እነሱ የቅርጫት ኳስ እየተጫወቱ ነው።
They are playing cards.	እነሱ ካርታ እየተጫወቱ ነው።
They are playing a game.	እነሱ ጨዋታ እየተጫወቱ ነው።
The boy is playing football.	ልጁ እግር ኳስ እየተጫወተ ነው።
The boy is playing basketball.	ልጁ የቅርጫት ኳስ እየተጫወተ ነው።
The boy is playing cards.	ልጁ ካርታ እየተጫወተ ነው።
The boy is playing a game.	ልጁ ጨዋታ እየተጫወተ ነው።
My brother is playing football.	ወንድሜ እግር ኳስ እየተጫወተ ነው።
My brother is playing basketball.	ወንድሜ የቅርጫት ኳስ እየተጫወተ ነው።
My brother is playing cards.	ወንድሜ ካርታ እየተጫወተ ነው።
My brother is playing a game.	ወንድሜ ጨዋታ እየተጫወተ ነው።
He is playing football.	እሱ እግር ኳስ እየተጫወተ ነው።
He is playing basketball.	እሱ የቅርጫት ኳስ እየተጫወተ ነው።
He is playing cards.	እሱ ካርታ እየተጫወተ ነው።
He is playing a game.	እሱ ጨዋታ እየተጫወተ ነው።
The girl is playing football.	ልጅቷ እግር ኳስ እየተጫወተች ነው።
The girl is playing basketball.	ልጅቷ የቅርጫት ኳስ እየተጫወተች ነው።
The girl is playing cards.	ልጅቷ ካርታ እየተጫወተች ነው።
The girl is playing a game.	ልጅቷ ጨዋታ እየተጫወተች ነው።
My sister is playing football.	እህቴ እግር ኳስ እየተጫወተች ነው።
My sister is playing basketball.	እህቴ የቅርጫት ኳስ እየተጫወተች ነው።
My sister is playing cards.	እህቴ ካርታ እየተጫወተች ነው።
My sister is playing a game.	እህቴ ጨዋታ እየተጫወተች ነው።
She is playing football.	እሷ እግር ኳስ እየተጫወተች ነው።
She is playing basketball.	እሷ የቅርጫት ኳስ እየተጫወተች ነው።
She is playing cards.	እሷ ካርታ እየተጫወተች ነው።
She is playing a game.	እሷ ጨዋታ እየተጫወተች ነው።
We are playing football.	እኛ እግር ኳስ እየተጫወትን ነው።
We are playing basketball.	እኛ የቅርጫት ኳስ እየተጫወትን ነው።
We are playing cards.	እኛ ካርታ እየተጫወትን ነው።
We are playing a game.	እኛ ጨዋታ እየተጫወትን ነው።
I am playing football.	እኔ እግር ኳስ እየተጫወትኩ ነው።
I am playing basketball.	እኔ የቅርጫት ኳስ እየተጫወትኩ ነው።
I am playing cards.	እኔ ካርታ እየተጫወትኩ ነው።
I am playing a game.	እኔ ጨዋታ እየተጫወትኩ ነው።
The children are playing.	ልጆቹ እየተጫወቱ ነው።
The children are playing with their friends.	ልጆቹ ከጓደኞቻቸው ጋር እየተጫወቱ ነው።
The children want to play.	ልጆቹ መጫወት ይፈልጋሉ።
The children are playing with their friends in the garden.	ልጆቹ ከጓደኞቻቸው ጋር በአትክልት ቦታው ውስጥ እየተጫወቱ ነው።
The boys are playing.	ወንዶቹ ልጆች እየተጫወቱ ነው።
The boys are playing with their friends.	ወንዶቹ ልጆች ከጓደኞቻቸው ጋር እየተጫወቱ ነው።
The boys want to play.	ወንዶቹ ልጆች መጫወት ይፈልጋሉ።
The boys are playing with their friends in the garden.	ወንዶቹ ልጆች ከጓደኞቻቸው ጋር በአትክልት ቦታው ውስጥ እየተጫወቱ ነው።
The students are playing.	ተማሪዎቹ እየተጫወቱ ነው።
The students are playing with their friends.	ተማሪዎቹ ከጓደኞቻቸው ጋር እየተጫወቱ ነው።
The students want to play.	ተማሪዎቹ መጫወት ይፈልጋሉ።
The students are playing with their friends in the garden.	ተማሪዎቹ ከጓደኞቻቸው ጋር በአትክልት ቦታው ውስጥ እየተጫወቱ ነው።
My friends are playing.	ጓደኞቼ እየተጫወቱ ነው።
My friends are playing with their friends.	ጓደኞቼ ከጓደኞቻቸው ጋር እየተጫወቱ ነው።
My friends want to play.	ጓደኞቼ መጫወት ይፈልጋሉ።
My friends are playing with their friends in the garden.	ጓደኞቼ ከጓደኞቻቸው ጋር በአትክልት ቦታው ውስጥ እየተጫወቱ ነው።
They are playing.	እነሱ እየተጫወቱ ነው።
They are playing with their friends.	እነሱ ከጓደኞቻቸው ጋር እየተጫወቱ ነው።
They want to play.	እነሱ መጫወት ይፈልጋሉ።
They are playing with their friends in the garden.	እነሱ ከጓደኞቻቸው ጋር በአትክልት ቦታው ውስጥ እየተጫወቱ ነው።
The boy is playing.	ልጁ እየተጫወተ ነው።
The boy is playing with his friends.	ልጁ ከጓደኞቹ ጋር እየተጫወተ ነው።
The boy wants to play.	ልጁ መጫወት ይፈልጋል።
The boy is playing with his friends in the garden.	ልጁ ከጓደኞቹ ጋር በአትክልት ቦታው ውስጥ እየተጫወተ ነው።
My brother is playing.	ወንድሜ እየተጫወተ ነው።
My brother is playing with his friends.	ወንድሜ ከጓደኞቹ ጋር እየተጫወተ ነው።
My brother wants to play.	ወንድሜ መጫወት ይፈልጋል።
My brother is playing with his friends in the garden.	ወንድሜ ከጓደኞቹ ጋር በአትክልት ቦታው ውስጥ እየተጫወተ ነው።
He is playing.	እሱ እየተጫወተ ነው።
He is playing with his friends.	እሱ ከጓደኞቹ ጋር እየተጫወተ ነው።
He wants to play.	እሱ መጫወት ይፈልጋል።
He is playing with his friends in the garden.	እሱ ከጓደኞቹ ጋር በአትክልት ቦታው ውስጥ እየተጫወተ ነው።
The girl is playing.	ልጅቷ እየተጫወተች ነው።
The girl is playing with her friends.	ልጅቷ ከጓደኞቿ ጋር እየተጫወተች ነው።
The girl wants to play.	ልጅቷ መጫወት ትፈልጋለች።
The girl is playing with her friends in the garden.	ልጅቷ ከጓደኞቿ ጋር በአትክልት ቦታው ውስጥ እየተጫወተች ነው።
My sister is playing.	እህቴ እየተጫወተች ነው።
My sister is playing with her friends.	እህቴ ከጓደኞቿ ጋር እየተጫወተች ነው።
My sister wants to play.	እህቴ መጫወት ትፈልጋለች።
My sister is playing with her friends in the garden.	እህቴ ከጓደኞቿ ጋር በአትክልት ቦታው ውስጥ እየተጫወተች ነው።
She is playing.	እሷ እየተጫወተች ነው።
She is playing with her friends.	እሷ ከጓደኞቿ ጋር እየተጫወተች ነው።
She wants to play.	እሷ መጫወት ትፈልጋለች።
She is playing with her friends in the garden.	እሷ ከጓደኞቿ ጋር በአትክልት ቦታው ውስጥ እየተጫወተች ነው።
We are playing.	እኛ እየተጫወትን ነው።
We are playing with our friends.	እኛ ከጓደኞቻችን ጋር እየተጫወትን ነው።
We want to play.	እኛ መጫወት እንፈልጋለን።
We are playing with our friends in the garden.	እኛ ከጓደኞቻችን ጋር በአትክልት ቦታው ውስጥ እየተጫወትን ነው።
I am playing.	እኔ እየተጫወትኩ ነው።
I am playing with my friends.	እኔ ከጓደኞቼ ጋር እየተጫወትኩ ነው።
I want to play.	እኔ መጫወት እፈልጋለሁ።
I am playing with my friends in the garden.	እኔ ከጓደኞቼ ጋር በአትክልት ቦታው ውስጥ እየተጫወትኩ ነው።
The children are not playing.	ልጆቹ እየተጫወቱ አይደሉም።
The children are not playing in the garden.	ልጆቹ በአትክልት ቦታው ውስጥ እየተጫወቱ አይደሉም።
The boys are not playing.	ወንዶቹ ልጆች እየተጫወቱ አይደሉም።
The boys are not playing in the garden.	ወንዶቹ ልጆች በአትክልት ቦታው ውስጥ እየተጫወቱ አይደሉም።
The students are not playing.	ተማሪዎቹ እየተጫወቱ አይደሉም።
The students are not playing in the garden.	ተማሪዎቹ በአትክልት ቦታው ውስጥ እየተጫወቱ አይደሉም።
My friends are not playing.	ጓደኞቼ እየተጫወቱ አይደሉም።
My friends are not playing in the garden.	ጓደኞቼ በአትክልት ቦታው ውስጥ እየተጫወቱ አይደሉም።
They are not playing.	እነሱ እየተጫወቱ አይደሉም።
They are not playing in the garden.	እነሱ በአትክልት ቦታው ውስጥ እየተጫወቱ አይደሉም።
The boy is not playing.	ልጁ እየተጫወተ አይደለም።
The boy is not playing in the garden.	ልጁ በአትክልት ቦታው ውስጥ እየተጫወተ አይደለም።
My brother is not playing.	ወንድሜ እየተጫወተ አይደለም።
My brother is not playing in the garden.	ወንድሜ በአትክልት ቦታው ውስጥ እየተጫወተ አይደለም።
He is not playing.	እሱ እየተጫወተ አይደለም።
He is not playing in the garden.	እሱ በአትክልት ቦታው ውስጥ እየተጫወተ አይደለም።
The girl is not playing.	ልጅቷ እየተጫወተች አይደለችም።
The girl is not playing in the garden.	ልጅቷ በአትክልት ቦታው ውስጥ እየተጫወተች አይደለችም።
My sister is not playing.	እህቴ እየተጫወተች አይደለችም።
My sister is not playing in the garden.	እህቴ በአትክልት ቦታው ውስጥ እየተጫወተች አይደለችም።
She is not playing.	እሷ እየተጫወተች አይደለችም።
She is not playing in the garden.	እሷ በአትክልት ቦታው ውስጥ እየተጫወተች አይደለችም።
We are not playing.	እኛ እየተጫወትን አይደለንም።
We are not playing in the garden.	እኛ በአትክልት ቦታው ውስጥ እየተጫወትን አይደለንም።
I am not playing.	እኔ እየተጫወትኩ አይደለሁም።
I am not playing in the garden.	እኔ በአትክልት ቦታው ውስጥ እየተጫወትኩ አይደለሁም።
The children are cooking.	ልጆቹ እያበሰሉ ነው።
The children are cooking dinner.	ልጆቹ እራት እያበሰሉ ነው።
The children are cooking food.	ልጆቹ ምግብ እያበሰሉ ነው።
The children are cooking lunch.	ልጆቹ ምሳ እያበሰሉ ነው።
The children are cooking at home.	ልጆቹ ቤት ውስጥ እያበሰሉ ነው።
The children are cooking in the kitchen.	ልጆቹ ማዕድ ቤት ውስጥ እያበሰሉ ነው።
The children are eating.	ልጆቹ እየበሉ ነው።
The children are eating bread.	ልጆቹ ዳቦ እየበሉ ነው።
The children are eating lunch.	ልጆቹ ምሳ እየበሉ ነው።
The children are eating dinner.	ልጆቹ እራት እየበሉ ነው።
The children are eating at home.	ልጆቹ ቤት ውስጥ እየበሉ ነው።
The children are eating in the kitchen.	ልጆቹ ማዕድ ቤት ውስጥ እየበሉ ነው።
The children are reading.	ልጆቹ እያነበቡ ነው።
The children are reading a book.	ልጆቹ መጽሐፍ እያነበቡ ነው።
The children are reading the newspaper.	ልጆቹ ጋዜጣ እያነበቡ ነው።
The children are reading at home.	ልጆቹ ቤት ውስጥ እያነበቡ ነው።
The children are reading in the kitchen.	ልጆቹ ማዕድ ቤት ውስጥ እያነበቡ ነው።
The children are writing.	ልጆቹ እየጻፉ ነው።
The children are writing a letter.	ልጆቹ ደብዳቤ እየጻፉ ነው።
The children are writing at home.	ልጆቹ ቤት ውስጥ እየጻፉ ነው።
The children are writing in the kitchen.	ልጆቹ ማዕድ ቤት ውስጥ እየጻፉ ነው።
The children are working.	ልጆቹ እየሰሩ ነው።
The children are working at home.	ልጆቹ ቤት ውስጥ እየሰሩ ነው።
The children are working in the kitchen.	ልጆቹ ማዕድ ቤት ውስጥ እየሰሩ ነው።
The children are studying.	ልጆቹ እያጠኑ ነው።
The children are studying at home.	ልጆቹ ቤት ውስጥ እያጠኑ ነው።
The children are studying in the kitchen.	ልጆቹ ማዕድ ቤት ውስጥ እያጠኑ ነው።
The children are running.	ልጆቹ እየሮጡ ነው።
The children are running at home.	ልጆቹ ቤት ውስጥ እየሮጡ ነው።
The children are running in the kitchen.	ልጆቹ ማዕድ ቤት ውስጥ እየሮጡ ነው።
The children are cooking dinner for the family.	ልጆቹ ለቤተሰባቸው እራት እያበሰሉ ነው።
The boys are cooking.	ወንዶቹ ልጆች እያበሰሉ ነው።
The boys are cooking dinner.	ወንዶቹ ልጆች እራት እያበሰሉ ነው።
The boys are cooking food.	ወንዶቹ ልጆች ምግብ እያበሰሉ ነው።
The boys are cooking lunch.	ወንዶቹ ልጆች ምሳ እያበሰሉ ነው።
The boys are cooking at home.	ወንዶቹ ልጆች ቤት ውስጥ እያበሰሉ ነው።
The boys are cooking in the kitchen.	ወንዶቹ ልጆች ማዕድ ቤት ውስጥ እያበሰሉ ነው።
The boys are eating.	ወንዶቹ ልጆች እየበሉ ነው።
The boys are eating bread.	ወንዶቹ ልጆች ዳቦ እየበሉ ነው።
The boys are eating lunch.	ወንዶቹ ልጆች ምሳ እየበሉ ነው።
The boys are eating dinner.	ወንዶቹ ልጆች እራት እየበሉ ነው።
The boys are eating at home.	ወንዶቹ ልጆች ቤት ውስጥ እየበሉ ነው።
The boys are eating in the kitchen.	ወንዶቹ ልጆች ማዕድ ቤት ውስጥ እየበሉ ነው።
The boys are reading.	ወንዶቹ ልጆች እያነበቡ ነው።
The boys are reading a book.	ወንዶቹ ልጆች መጽሐፍ እያነበቡ ነው።
The boys are reading the newspaper.	ወንዶቹ ልጆች ጋዜጣ እያነበቡ ነው።
The boys are reading at home.	ወንዶቹ ልጆች ቤት ውስጥ እያነበቡ ነው።
The boys are reading in the kitchen.	ወንዶቹ ልጆች ማዕድ ቤት ውስጥ እያነበቡ ነው።
The boys are writing.	ወንዶቹ ልጆች እየጻፉ ነው።
The boys are writing a letter.	ወንዶቹ ልጆች ደብዳቤ እየጻፉ ነው።
The boys are writing at home.	ወንዶቹ ልጆች ቤት ውስጥ እየጻፉ ነው።
The boys are writing in the kitchen.	ወንዶቹ ልጆች ማዕድ ቤት ውስጥ እየጻፉ ነው።
The boys are working.	ወንዶቹ ልጆች እየሰሩ ነው።
The boys are working at home.	ወንዶቹ ልጆች ቤት ውስጥ እየሰሩ ነው።
The boys are working in the kitchen.	ወንዶቹ ልጆች ማዕድ ቤት ውስጥ እየሰሩ ነው።
The boys are studying.	ወንዶቹ ልጆች እያጠኑ ነው።
The boys are studying at home.	ወንዶቹ ልጆች ቤት ውስጥ እያጠኑ ነው።
The boys are studying in the kitchen.	ወንዶቹ ልጆች ማዕድ ቤት ውስጥ እያጠኑ ነው።
The boys are running.	ወንዶቹ ልጆች እየሮጡ ነው።
The boys are running at home.	ወንዶቹ ልጆች ቤት ውስጥ እየሮጡ ነው።
The boys are running in the kitchen.	ወንዶቹ ልጆች ማዕድ ቤት ውስጥ እየሮጡ ነው።
The boys are cooking dinner for the family.	ወንዶቹ ልጆች ለቤተሰባቸው እራት እያበሰሉ ነው።
The students are cooking.	ተማሪዎቹ እያበሰሉ ነው።
The students are cooking dinner.	ተማሪዎቹ እራት እያበሰሉ ነው።
The students are cooking food.	ተማሪዎቹ ምግብ እያበሰሉ ነው።
The students are cooking lunch.	ተማሪዎቹ ምሳ እያበሰሉ ነው።
The students are cooking at home.	ተማሪዎቹ ቤት ውስጥ እያበሰሉ ነው።
The students are cooking in the kitchen.	ተማሪዎቹ ማዕድ ቤት ውስጥ እያበሰሉ ነው።
The students are eating.	ተማሪዎቹ እየበሉ ነው።
The students are eating bread.	ተማሪዎቹ ዳቦ እየበሉ ነው።
The students are eating lunch.	ተማሪዎቹ ምሳ እየበሉ ነው።
The students are eating dinner.	ተማሪዎቹ እራት እየበሉ ነው።
The students are eating at home.	ተማሪዎቹ ቤት ውስጥ እየበሉ ነው።
The students are eating in the kitchen.	ተማሪዎቹ ማዕድ ቤት ውስጥ እየበሉ ነው።
The students are reading.	ተማሪዎቹ እያነበቡ ነው።
The students are reading a book.	ተማሪዎቹ መጽሐፍ እያነበቡ ነው።
The students are reading the newspaper.	ተማሪዎቹ ጋዜጣ እያነበቡ ነው።
The students are reading at home.	ተማሪዎቹ ቤት ውስጥ እያነበቡ ነው።
The students are reading in the kitchen.	ተማሪዎቹ ማዕድ ቤት ውስጥ እያነበቡ ነው።
The students are writing.	ተማሪዎቹ እየጻፉ ነው።
The students are writing a letter.	ተማሪዎቹ ደብዳቤ እየጻፉ ነው።
The students are writing at home.	ተማሪዎቹ ቤት ውስጥ እየጻፉ ነው።
The students are writing in the kitchen.	ተማሪዎቹ ማዕድ ቤት ውስጥ እየጻፉ ነው።
The students are working.	ተማሪዎቹ እየሰሩ ነው።
The students are working at home.	ተማሪዎቹ ቤት ውስጥ እየሰሩ ነው።
The students are working in the kitchen.	ተማሪዎቹ ማዕድ ቤት ውስጥ እየሰሩ ነው።
The students are studying.	ተማሪዎቹ እያጠኑ ነው።
The students are studying at home.	ተማሪዎቹ ቤት ውስጥ እያጠኑ ነው።
The students are studying in the kitchen.	ተማሪዎቹ ማዕድ ቤት ውስጥ እያጠኑ ነው።
The students are running.	ተማሪዎቹ እየሮጡ ነው።
The students are running at home.	ተማሪዎቹ ቤት ውስጥ እየሮጡ ነው።
The students are running in the kitchen.	ተማሪዎቹ ማዕድ ቤት ውስጥ እየሮጡ ነው።
The students are cooking dinner for the family.	ተማሪዎቹ ለቤተሰባቸው እራት እያበሰሉ ነው።
My friends are cooking.	ጓደኞቼ እያበሰሉ ነው።
My friends are cooking dinner.	ጓደኞቼ እራት እያበሰሉ ነው።
My friends are cooking food.	ጓደኞቼ ምግብ እያበሰሉ ነው።
My friends are cooking lunch.	ጓደኞቼ ምሳ እያበሰሉ ነው።
My friends are cooking at home.	ጓደኞቼ ቤት ውስጥ እያበሰሉ ነው።
My friends are cooking in the kitchen.	ጓደኞቼ ማዕድ ቤት ውስጥ እያበሰሉ ነው።
My friends are eating.	ጓደኞቼ እየበሉ ነው።
My friends are eating bread.	ጓደኞቼ ዳቦ እየበሉ ነው።
My friends are eating lunch.	ጓደኞቼ ምሳ እየበሉ ነው።
My friends are eating dinner.	ጓደኞቼ እራት እየበሉ ነው።
My friends are eating at home.	ጓደኞቼ ቤት ውስጥ እየበሉ ነው።
My friends are eating in the kitchen.	ጓደኞቼ ማዕድ ቤት ውስጥ እየበሉ ነው።
My friends are reading.	ጓደኞቼ እያነበቡ ነው።
My friends are reading a book.	ጓደኞቼ መጽሐፍ እያነበቡ ነው።
My friends are reading the newspaper.	ጓደኞቼ ጋዜጣ እያነበቡ ነው።
My friends are reading at home.	ጓደኞቼ ቤት ውስጥ እያነበቡ ነው።
My friends are reading in the kitchen.	ጓደኞቼ ማዕድ ቤት ውስጥ እያነበቡ ነው።
My friends are writing.	ጓደኞቼ እየጻፉ ነው።
My friends are writing a letter.	ጓደኞቼ ደብዳቤ እየጻፉ ነው።
My friends are writing at home.	ጓደኞቼ ቤት ውስጥ እየጻፉ ነው።
My friends are writing in the kitchen.	ጓደኞቼ ማዕድ ቤት ውስጥ እየጻፉ ነው።
My friends are working.	ጓደኞቼ እየሰሩ ነው።
My friends are working at home.	ጓደኞቼ ቤት ውስጥ እየሰሩ ነው።
My friends are working in the kitchen.	ጓደኞቼ ማዕድ ቤት ውስጥ እየሰሩ ነው።
My friends are studying.	ጓደኞቼ እያጠኑ ነው።
My friends are studying at home.	ጓደኞቼ ቤት ውስጥ እያጠኑ ነው።
My friends are studying in the kitchen.	ጓደኞቼ ማዕድ ቤት ውስጥ እያጠኑ ነው።
My friends are running.	ጓደኞቼ እየሮጡ ነው።
My friends are running at home.	ጓደኞቼ ቤት ውስጥ እየሮጡ ነው።
My friends are running in the kitchen.	ጓደኞቼ ማዕድ ቤት ውስጥ እየሮጡ ነው።
My friends are cooking dinner for the family.	ጓደኞቼ ለቤተሰባቸው እራት እያበሰሉ ነው።
They are cooking.	እነሱ እያበሰሉ ነው።
They are cooking dinner.	እነሱ እራት እያበሰሉ ነው።
They are cooking food.	እነሱ ምግብ እያበሰሉ ነው።
They are cooking lunch.	እነሱ ምሳ እያበሰሉ ነው።
They are cooking at home.	እነሱ ቤት ውስጥ እያበሰሉ ነው።
They are cooking in the kitchen.	እነሱ ማዕድ ቤት ውስጥ እያበሰሉ ነው።
They are eating.	እነሱ እየበሉ ነው።
They are eating bread.	እነሱ ዳቦ እየበሉ ነው።
They are eating lunch.	እነሱ ምሳ እየበሉ ነው።
They are eating dinner.	እነሱ እራት እየበሉ ነው።
They are eating at home.	እነሱ ቤት ውስጥ እየበሉ ነው።
They are eating in the kitchen.	እነሱ ማዕድ ቤት ውስጥ እየበሉ ነው።
They are reading.	እነሱ እያነበቡ ነው።
They are reading a book.	እነሱ መጽሐፍ እያነበቡ ነው።
They are reading the newspaper.	እነሱ ጋዜጣ እያነበቡ ነው።
They are reading at home.	እነሱ ቤት ውስጥ እያነበቡ ነው።
They are reading in the kitchen.	እነሱ ማዕድ ቤት ውስጥ እያነበቡ ነው።
They are writing.	እነሱ እየጻፉ ነው።
They are writing a letter.	እነሱ ደብዳቤ እየጻፉ ነው።
They are writing at home.	እነሱ ቤት ውስጥ እየጻፉ ነው።
They are writing in the kitchen.	እነሱ ማዕድ ቤት ውስጥ እየጻፉ ነው።
They are working.	እነሱ እየሰሩ ነው።
They are working at home.	እነሱ ቤት ውስጥ እየሰሩ ነው።
They are working in the kitchen.	እነሱ ማዕድ ቤት ውስጥ እየሰሩ ነው።
They are studying.	እነሱ እያጠኑ ነው።
They are studying at home.	እነሱ ቤት ውስጥ እያጠኑ ነው።
They are studying in the kitchen.	እነሱ ማዕድ ቤት ውስጥ እያጠኑ ነው።
They are running.	እነሱ እየሮጡ ነው።
They are running at home.	እነሱ ቤት ውስጥ እየሮጡ ነው።
They are running in the kitchen.	እነሱ ማዕድ ቤት ውስጥ እየሮጡ ነው።
They are cooking dinner for the family.	እነሱ ለቤተሰባቸው እራት እያበሰሉ ነው።
The boy is cooking.	ልጁ እያበሰለ ነው።
The boy is cooking dinner.	ልጁ እራት እያበሰለ ነው።
The boy is cooking food.	ልጁ ምግብ እያበሰለ ነው።
The boy is cooking lunch.	ልጁ ምሳ እያበሰለ ነው።
The boy is cooking at home.	ልጁ ቤት ውስጥ እያበሰለ ነው።
The boy is cooking in the kitchen.	ልጁ ማዕድ ቤት ውስጥ እያበሰለ ነው።
The boy is eating.	ልጁ እየበላ ነው።
The boy is eating bread.	ልጁ ዳቦ እየበላ ነው።
The boy is eating lunch.	ልጁ ምሳ እየበላ ነው።
The boy is eating dinner.	ልጁ እራት እየበላ ነው።
The boy is eating at home.	ልጁ ቤት ውስጥ እየበላ ነው።
The boy is eating in the kitchen.	ልጁ ማዕድ ቤት ውስጥ እየበላ ነው።
The boy is reading.	ልጁ እያነበበ ነው።
The boy is reading a book.	ልጁ መጽሐፍ እያነበበ ነው።
The boy is reading the newspaper.	ልጁ ጋዜጣ እያነበበ ነው።
The boy is reading at home.	ልጁ ቤት ውስጥ እያነበበ ነው።
The boy is reading in the kitchen.	ልጁ ማዕድ ቤት ውስጥ እያነበበ ነው።
The boy is writing.	ልጁ እየጻፈ ነው።
The boy is writing a letter.	ልጁ ደብዳቤ እየጻፈ ነው።
The boy is writing at home.	ልጁ ቤት ውስጥ እየጻፈ ነው።
The boy is writing in the kitchen.	ልጁ ማዕድ ቤት ውስጥ እየጻፈ ነው።
The boy is working.	ልጁ እየሰራ ነው።
The boy is working at home.	ልጁ ቤት ውስጥ እየሰራ ነው።
The boy is working in the kitchen.	ልጁ ማዕድ ቤት ውስጥ እየሰራ ነው።
The boy is studying.	ልጁ እያጠና ነው።
The boy is studying at home.	ልጁ ቤት ውስጥ እያጠና ነው።
The boy is studying in the kitchen.	ልጁ ማዕድ ቤት ውስጥ እያጠና ነው።
The boy is running.	ልጁ እየሮጠ ነው።
The boy is running at home.	ልጁ ቤት ውስጥ እየሮጠ ነው።
The boy is running in the kitchen.	ልጁ ማዕድ ቤት ውስጥ እየሮጠ ነው።
The boy is cooking dinner for the family.	ልጁ ለቤተሰቡ እራት እያበሰለ ነው።
My brother is cooking.	ወንድሜ እያበሰለ ነው።
My brother is cooking dinner.	ወንድሜ እራት እያበሰለ ነው።
My brother is cooking food.	ወንድሜ ምግብ እያበሰለ ነው።
My brother is cooking lunch.	ወንድሜ ምሳ እያበሰለ ነው።
My brother is cooking at home.	ወንድሜ ቤት ውስጥ እያበሰለ ነው።
My brother is cooking in the kitchen.	ወንድሜ ማዕድ ቤት ውስጥ እያበሰለ ነው።
My brother is eating.	ወንድሜ እየበላ ነው።
My brother is eating bread.	ወንድሜ ዳቦ እየበላ ነው።
My brother is eating lunch.	ወንድሜ ምሳ እየበላ ነው።
My brother is eating dinner.	ወንድሜ እራት እየበላ ነው።
My brother is eating at home.	ወንድሜ ቤት ውስጥ እየበላ ነው።
My brother is eating in the kitchen.	ወንድሜ ማዕድ ቤት ውስጥ እየበላ ነው።
My brother is reading.	ወንድሜ እያነበበ ነው።
My brother is reading a book.	ወንድሜ መጽሐፍ እያነበበ ነው።
My brother is reading the newspaper.	ወንድሜ ጋዜጣ እያነበበ ነው።
My brother is reading at home.	ወንድሜ ቤት ውስጥ እያነበበ ነው።
My brother is reading in the kitchen.	ወንድሜ ማዕድ ቤት ውስጥ እያነበበ ነው።
My brother is writing.	ወንድሜ እየጻፈ ነው።
My brother is writing a letter.	ወንድሜ ደብዳቤ እየጻፈ ነው።
My brother is writing at home.	ወንድሜ ቤት ውስጥ እየጻፈ ነው።
My brother is writing in the kitchen.	ወንድሜ ማዕድ ቤት ውስጥ እየጻፈ ነው።
My brother is working.	ወንድሜ እየሰራ ነው።
My brother is working at home.	ወንድሜ ቤት ውስጥ እየሰራ ነው።
My brother is working in the kitchen.	ወንድሜ ማዕድ ቤት ውስጥ እየሰራ ነው።
My brother is studying.	ወንድሜ እያጠና ነው።
My brother is studying at home.	ወንድሜ ቤት ውስጥ እያጠና ነው።
My brother is studying in the kitchen.	ወንድሜ ማዕድ ቤት ውስጥ እያጠና ነው።
My brother is running.	ወንድሜ እየሮጠ ነው።
My brother is running at home.	ወንድሜ ቤት ውስጥ እየሮጠ ነው።
My brother is running in the kitchen.	ወንድሜ ማዕድ ቤት ውስጥ እየሮጠ ነው።
My brother is cooking dinner for the family.	ወንድሜ ለቤተሰቡ እራት እያበሰለ ነው።
He is cooking.	እሱ እያበሰለ ነው።
He is cooking dinner.	እሱ እራት እያበሰለ ነው።
He is cooking food.	እሱ ምግብ እያበሰለ ነው።
He is cooking lunch.	እሱ ምሳ እያበሰለ ነው።
He is cooking at home.	እሱ ቤት ውስጥ እያበሰለ ነው።
He is cooking in the kitchen.	እሱ ማዕድ ቤት ውስጥ እያበሰለ ነው።
He is eating.	እሱ እየበላ ነው።
He is eating bread.	እሱ ዳቦ እየበላ ነው።
He is eating lunch.	እሱ ምሳ እየበላ ነው።
He is eating dinner.	እሱ እራት እየበላ ነው።
He is eating at home.	እሱ ቤት ውስጥ እየበላ ነው።
He is eating in the kitchen.	እሱ ማዕድ ቤት ውስጥ እየበላ ነው።
He is reading.	እሱ እያነበበ ነው።
He is reading a book.	እሱ መጽሐፍ እያነበበ ነው።
He is reading the newspaper.	እሱ ጋዜጣ እያነበበ ነው።
He is reading at home.	እሱ ቤት ውስጥ እያነበበ ነው።
He is reading in the kitchen.	እሱ ማዕድ ቤት ውስጥ እያነበበ ነው።
He is writing.	እሱ እየጻፈ ነው።
He is writing a letter.	እሱ ደብዳቤ እየጻፈ ነው።
He is writing at home.	እሱ ቤት ውስጥ እየጻፈ ነው።
He is writing in the kitchen.	እሱ ማዕድ ቤት ውስጥ እየጻፈ ነው።
He is working.	እሱ እየሰራ ነው።
He is working at home.	እሱ ቤት ውስጥ እየሰራ ነው።
He is working in the kitchen.	እሱ ማዕድ ቤት ውስጥ እየሰራ ነው።
He is studying.	እሱ እያጠና ነው።
He is studying at home.	እሱ ቤት ውስጥ እያጠና ነው።
He is studying in the kitchen.	እሱ ማዕድ ቤት ውስጥ እያጠና ነው።
He is running.	እሱ እየሮጠ ነው።
He is running at home.	እሱ ቤት ውስጥ እየሮጠ ነው።
He is running in the kitchen.	እሱ ማዕድ ቤት ውስጥ እየሮጠ ነው።
He is cooking dinner for the family.	እሱ ለቤተሰቡ እራት እያበሰለ ነው።
The girl is cooking.	ልጅቷ እያበሰለች ነው።
The girl is cooking dinner.	ልጅቷ እራት እያበሰለች ነው።
The girl is cooking food.	ልጅቷ ምግብ እያበሰለች ነው።
The girl is cooking lunch.	ልጅቷ ምሳ እያበሰለች ነው።
The girl is cooking at home.	ልጅቷ ቤት ውስጥ እያበሰለች ነው።
The girl is cooking in the kitchen.	ልጅቷ ማዕድ ቤት ውስጥ እያበሰለች ነው።
The girl is eating.	ልጅቷ እየበላች ነው።
The girl is eating bread.	ልጅቷ ዳቦ እየበላች ነው።
The girl is eating lunch.	ልጅቷ ምሳ እየበላች ነው።
The girl is eating dinner.	ልጅቷ እራት እየበላች ነው።
The girl is eating at home.	ልጅቷ ቤት ውስጥ እየበላች ነው።
The girl is eating in the kitchen.	ልጅቷ ማዕድ ቤት ውስጥ እየበላች ነው።
The girl is reading.	ልጅቷ እያነበበች ነው።
The girl is reading a book.	ልጅቷ መጽሐፍ እያነበበች ነው።
The girl is reading the newspaper.	ልጅቷ ጋዜጣ እያነበበች ነው።
The girl is reading at home.	ልጅቷ ቤት ውስጥ እያነበበች ነው።
The girl is reading in the kitchen.	ልጅቷ ማዕድ ቤት ውስጥ እያነበበች ነው።
The girl is writing.	ልጅቷ እየጻፈች ነው።
The girl is writing a letter.	ልጅቷ ደብዳቤ እየጻፈች ነው።
The girl is writing at home.	ልጅቷ ቤት ውስጥ እየጻፈች ነው።
The girl is writing in the kitchen.	ልጅቷ ማዕድ ቤት ውስጥ እየጻፈች ነው።
The girl is working.	ልጅቷ እየሰራች ነው።
The girl is working at home.	ልጅቷ ቤት ውስጥ እየሰራች ነው።
The girl is working in the kitchen.	ልጅቷ ማዕድ ቤት ውስጥ እየሰራች ነው።
The girl is studying.	ልጅቷ እያጠናች ነው።
The girl is studying at home.	ልጅቷ ቤት ውስጥ እያጠናች ነው።
The girl is studying in the kitchen.	ልጅቷ ማዕድ ቤት ውስጥ እያጠናች ነው።
The girl is running.	ልጅቷ እየሮጠች ነው።
The girl is running at home.	ልጅቷ ቤት ውስጥ እየሮጠች ነው።
The girl is running in the kitchen.	ልጅቷ ማዕድ ቤት ውስጥ እየሮጠች ነው።
The girl is cooking dinner for the family.	ልጅቷ ለቤተሰቧ እራት እያበሰለች ነው።
My sister is cooking.	እህቴ እያበሰለች ነው።
My sister is cooking dinner.	እህቴ እራት እያበሰለች ነው።
My sister is cooking food.	እህቴ ምግብ እያበሰለች ነው።
My sister is cooking lunch.	እህቴ ምሳ እያበሰለች ነው።
My sister is cooking at home.	እህቴ ቤት ውስጥ እያበሰለች ነው።
My sister is cooking in the kitchen.	እህቴ ማዕድ ቤት ውስጥ እያበሰለች ነው።
My sister is eating.	እህቴ እየበላች ነው።
My sister is eating bread.	እህቴ ዳቦ እየበላች ነው።
My sister is eating lunch.	እህቴ ምሳ እየበላች ነው።
My sister is eating dinner.	እህቴ እራት እየበላች ነው።
My sister is eating at home.	እህቴ ቤት ውስጥ እየበላች ነው።
My sister is eating in the kitchen.	እህቴ ማዕድ ቤት ውስጥ እየበላች ነው።
My sister is reading.	እህቴ እያነበበች ነው።
My sister is reading a book.	እህቴ መጽሐፍ እያነበበች ነው።
My sister is reading the newspaper.	እህቴ ጋዜጣ እያነበበች ነው።
My sister is reading at home.	እህቴ ቤት ውስጥ እያነበበች ነው።
My sister is reading in the kitchen.	እህቴ ማዕድ ቤት ውስጥ እያነበበች ነው።
My sister is writing.	እህቴ እየጻፈች ነው።
My sister is writing a letter.	እህቴ ደብዳቤ እየጻፈች ነው።
My sister is writing at home.	እህቴ ቤት ውስጥ እየጻፈች ነው።
My sister is writing in the kitchen.	እህቴ ማዕድ ቤት ውስጥ እየጻፈች ነው።
My sister is working.	እህቴ እየሰራች ነው።
My sister is working at home.	እህቴ ቤት ውስጥ እየሰራች ነው።
My sister is working in the kitchen.	እህቴ ማዕድ ቤት ውስጥ እየሰራች ነው።
My sister is studying.	እህቴ እያጠናች ነው።
My sister is studying at home.	እህቴ ቤት ውስጥ እያጠናች ነው።
My sister is studying in the kitchen.	እህቴ ማዕድ ቤት ውስጥ እያጠናች ነው።
My sister is running.	እህቴ እየሮጠች ነው።
My sister is running at home.	እህቴ ቤት ውስጥ እየሮጠች ነው።
My sister is running in the kitchen.	እህቴ ማዕድ ቤት ውስጥ እየሮጠች ነው።
My sister is cooking dinner for the family.	እህቴ ለቤተሰቧ እራት እያበሰለች ነው።
She is cooking.	እሷ እያበሰለች ነው።
She is cooking dinner.	እሷ እራት እያበሰለች ነው።
She is cooking food.	እሷ ምግብ እያበሰለች ነው።
She is cooking lunch.	እሷ ምሳ እያበሰለች ነው።
She is cooking at home.	እሷ ቤት ውስጥ እያበሰለች ነው።
She is cooking in the kitchen.	እሷ ማዕድ ቤት ውስጥ እያበሰለች ነው።
She is eating.	እሷ እየበላች ነው።
She is eating bread.	እሷ ዳቦ እየበላች ነው።
She is eating lunch.	እሷ ምሳ እየበላች ነው።
She is eating dinner.	እሷ እራት እየበላች ነው።
She is eating at home.	እሷ ቤት ውስጥ እየበላች ነው።
She is eating in the kitchen.	እሷ ማዕድ ቤት ውስጥ እየበላች ነው።
She is reading.	እሷ እያነበበች ነው።
She is reading a book.	እሷ መጽሐፍ እያነበበች ነው።
She is reading the newspaper.	እሷ ጋዜጣ እያነበበች ነው።
She is reading at home.	እሷ ቤት ውስጥ እያነበበች ነው።
She is reading in the kitchen.	እሷ ማዕድ ቤት ውስጥ እያነበበች ነው።
She is writing.	እሷ እየጻፈች ነው።
She is writing a letter.	እሷ ደብዳቤ እየጻፈች ነው።
She is writing at home.	እሷ ቤት ውስጥ እየጻፈች ነው።
She is writing in the kitchen.	እሷ ማዕድ ቤት ውስጥ እየጻፈች ነው።
She is working.	እሷ እየሰራች ነው።
She is working at home.	እሷ ቤት ውስጥ እየሰራች ነው።
She is working in the kitchen.	እሷ ማዕድ ቤት ውስጥ እየሰራች ነው።
She is studying.	እሷ እያጠናች ነው።
She is studying at home.	እሷ ቤት ውስጥ እያጠናች ነው።
She is studying in the kitchen.	እሷ ማዕድ ቤት ውስጥ እያጠናች ነው።
She is running.	እሷ እየሮጠች ነው።
She is running at home.	እሷ ቤት ውስጥ እየሮጠች ነው።
She is running in the kitchen.	እሷ ማዕድ ቤት ውስጥ እየሮጠች ነው።
She is cooking dinner for the family.	እሷ ለቤተሰቧ እራት እያበሰለች ነው።
We are cooking.	እኛ እያበሰልን ነው።
We are cooking dinner.	እኛ እራት እያበሰልን ነው።
We are cooking food.	እኛ ምግብ እያበሰልን ነው።
We are cooking lunch.	እኛ ምሳ እያበሰልን ነው።
We are cooking at home.	እኛ ቤት ውስጥ እያበሰልን ነው።
We are cooking in the kitchen.	እኛ ማዕድ ቤት ውስጥ እያበሰልን ነው።
We are eating.	እኛ እየበላን ነው።
We are eating bread.	እኛ ዳቦ እየበላን ነው።
We are eating lunch.	እኛ ምሳ እየበላን ነው።
We are eating dinner.	እኛ እራት እየበላን ነው።
We are eating at home.	እኛ ቤት ውስጥ እየበላን ነው።
We are eating in the kitchen.	እኛ ማዕድ ቤት ውስጥ እየበላን ነው።
We are reading.	እኛ እያነበብን ነው።
We are reading a book.	እኛ መጽሐፍ እያነበብን ነው።
We are reading the newspaper.	እኛ ጋዜጣ እያነበብን ነው።
We are reading at home.	እኛ ቤት ውስጥ እያነበብን ነው።
We are reading in the kitchen.	እኛ ማዕድ ቤት ውስጥ እያነበብን ነው።
We are writing.	እኛ እየጻፍን ነው።
We are writing a letter.	እኛ ደብዳቤ እየጻፍን ነው።
We are writing at home.	እኛ ቤት ውስጥ እየጻፍን ነው።
We are writing in the kitchen.	እኛ ማዕድ ቤት ውስጥ እየጻፍን ነው።
We are working.	እኛ እየሰራን ነው።
We are working at home.	እኛ ቤት ውስጥ እየሰራን ነው።
We are working in the kitchen.	እኛ ማዕድ ቤት ውስጥ እየሰራን ነው።
We are studying.	እኛ እያጠናን ነው።
We are studying at home.	እኛ ቤት ውስጥ እያጠናን ነው።
We are studying in the kitchen.	እኛ ማዕድ ቤት ውስጥ እያጠናን ነው።
We are running.	እኛ እየሮጥን ነው።
We are running at home.	እኛ ቤት ውስጥ እየሮጥን ነው።
We are running in the kitchen.	እኛ ማዕድ ቤት ውስጥ እየሮጥን ነው።
We are cooking dinner for the family.	እኛ ለቤተሰባችን እራት እያበሰልን ነው።
I am cooking.	እኔ እያበሰልኩ ነው።
I am cooking dinner.	እኔ እራት እያበሰልኩ ነው።
I am cooking food.	እኔ ምግብ እያበሰልኩ ነው።
I am cooking lunch.	እኔ ምሳ እያበሰልኩ ነው።
I am cooking at home.	እኔ ቤት ውስጥ እያበሰልኩ ነው።
I am cooking in the kitchen.	እኔ ማዕድ ቤት ውስጥ እያበሰልኩ ነው።
I am eating.	እኔ እየበላሁ ነው።
I am eating bread.	እኔ ዳቦ እየበላሁ ነው።
I am eating lunch.	እኔ ምሳ እየበላሁ ነው።
I am eating dinner.	እኔ እራት እየበላሁ ነው።
I am eating at home.	እኔ ቤት ውስጥ እየበላሁ ነው።
I am eating in the kitchen.	እኔ ማዕድ ቤት ውስጥ እየበላሁ ነው።
I am reading.	እኔ እያነበብኩ ነው።
I am reading a book.	እኔ መጽሐፍ እያነበብኩ ነው።
I am reading the newspaper.	እኔ ጋዜጣ እያነበብኩ ነው።
I am reading at home.	እኔ ቤት ውስጥ እያነበብኩ ነው።
I am reading in the kitchen.	እኔ ማዕድ ቤት ውስጥ እያነበብኩ ነው።
I am writing.	እኔ እየጻፍኩ ነው።
I am writing a letter.	እኔ ደብዳቤ እየጻፍኩ ነው።
I am writing at home.	እኔ ቤት ውስጥ እየጻፍኩ ነው።
I am writing in the kitchen.	እኔ ማዕድ ቤት ውስጥ እየጻፍኩ ነው።
I am working.	እኔ እየሰራሁ ነው።
I am working at home.	እኔ ቤት ውስጥ እየሰራሁ ነው።
I am working in the kitchen.	እኔ ማዕድ ቤት ውስጥ እየሰራሁ ነው።
I am studying.	እኔ እያጠናሁ ነው።
I am studying at home.	እኔ ቤት ውስጥ እያጠናሁ ነው።
I am studying in the kitchen.	እኔ ማዕድ ቤት ውስጥ እያጠናሁ ነው።
I am running.	እኔ እየሮጥኩ ነው።
I am running at home.	እኔ ቤት ውስጥ እየሮጥኩ ነው።
I am running in the kitchen.	እኔ ማዕድ ቤት ውስጥ እየሮጥኩ ነው።
I am cooking dinner for the family.	እኔ ለቤተሰቤ እራት እያበሰልኩ ነው።
My mother is cooking.	እናቴ እያበሰለች ነው።
My mother is cooking dinner.	እናቴ እራት እያበሰለች ነው።
My mother is cooking food.	እናቴ ምግብ እያበሰለች ነው።
My mother is cooking lunch.	እናቴ ምሳ እያበሰለች ነው።
My mother is cooking at home.	እናቴ ቤት ውስጥ እያበሰለች ነው።
My mother is cooking in the kitchen.	እናቴ ማዕድ ቤት ውስጥ እያበሰለች ነው።
My mother is eating.	እናቴ እየበላች ነው።
My mother is eating bread.	እናቴ ዳቦ እየበላች ነው።
My mother is eating lunch.	እናቴ ምሳ እየበላች ነው።
My mother is eating dinner.	እናቴ እራት እየበላች ነው።
My mother is eating at home.	እናቴ ቤት ውስጥ እየበላች ነው።
My mother is eating in the kitchen.	እናቴ ማዕድ ቤት ውስጥ እየበላች ነው።
My mother is reading.	እናቴ እያነበበች ነው።
My mother is reading a book.	እናቴ መጽሐፍ እያነበበች ነው።
My mother is reading the newspaper.	እናቴ ጋዜጣ እያነበበች ነው።
My mother is reading at home.	እናቴ ቤት ውስጥ እያነበበች ነው።
My mother is reading in the kitchen.	እናቴ ማዕድ ቤት ውስጥ እያነበበች ነው።
My mother is writing.	እናቴ እየጻፈች ነው።
My mother is writing a letter.	እናቴ ደብዳቤ እየጻፈች ነው።
My mother is writing at home.	እናቴ ቤት ውስጥ እየጻፈች ነው።
My mother is writing in the kitchen.	እናቴ ማዕድ ቤት ውስጥ እየጻፈች ነው።
My mother is working.	እናቴ እየሰራች ነው።
My mother is working at home.	እናቴ ቤት ውስጥ እየሰራች ነው።
My mother is working in the kitchen.	እናቴ ማዕድ ቤት ውስጥ እየሰራች ነው።
My mother is studying.	እናቴ እያጠናች ነው።
My mother is studying at home.	እናቴ ቤት ውስጥ እያጠናች ነው።
My mother is studying in the kitchen.	እናቴ ማዕድ ቤት ውስጥ እያጠናች ነው።
My mother is running.	እናቴ እየሮጠች ነው።
My mother is running at home.	እናቴ ቤት ውስጥ እየሮጠች ነው።
My mother is running in the kitchen.	እናቴ ማዕድ ቤት ውስጥ እየሮጠች ነው።
My mother is cooking dinner for the family.	እናቴ ለቤተሰቧ እራት እያበሰለች ነው።
My father is cooking.	አባቴ እያበሰለ ነው።
My father is cooking dinner.	አባቴ እራት እያበሰለ ነው።
My father is cooking food.	አባቴ ምግብ እያበሰለ ነው።
My father is cooking lunch.	አባቴ ምሳ እያበሰለ ነው።
My father is cooking at home.	አባቴ ቤት ውስጥ እያበሰለ ነው።
My father is cooking in the kitchen.	አባቴ ማዕድ ቤት ውስጥ እያበሰለ ነው።
My father is eating.	አባቴ እየበላ ነው።
My father is eating bread.	አባቴ ዳቦ እየበላ ነው።
My father is eating lunch.	አባቴ ምሳ እየበላ ነው።
My father is eating dinner.	አባቴ እራት እየበላ ነው።
My father is eating at home.	አባቴ ቤት ውስጥ እየበላ ነው።
My father is eating in the kitchen.	አባቴ ማዕድ ቤት ውስጥ እየበላ ነው።
My father is reading.	አባቴ እያነበበ ነው።
My father is reading a book.	አባቴ መጽሐፍ እያነበበ ነው።
My father is reading the newspaper.	አባቴ ጋዜጣ እያነበበ ነው።
My father is reading at home.	አባቴ ቤት ውስጥ እያነበበ ነው።
My father is reading in the kitchen.	አባቴ ማዕድ ቤት ውስጥ እያነበበ ነው።
My father is writing.	አባቴ እየጻፈ ነው።
My father is writing a letter.	አባቴ ደብዳቤ እየጻፈ ነው።
My father is writing at home.	አባቴ ቤት ውስጥ እየጻፈ ነው።
My father is writing in the kitchen.	አባቴ ማዕድ ቤት ውስጥ እየጻፈ ነው።
My father is working.	አባቴ እየሰራ ነው።
My father is working at home.	አባቴ ቤት ውስጥ እየሰራ ነው።
My father is working in the kitchen.	አባቴ ማዕድ ቤት ውስጥ እየሰራ ነው።
My father is studying.	አባቴ እያጠና ነው።
My father is studying at home.	አባቴ ቤት ውስጥ እያጠና ነው።
My father is studying in the kitchen.	አባቴ ማዕድ ቤት ውስጥ እያጠና ነው።
My father is running.	አባቴ እየሮጠ ነው።
My father is running at home.	አባቴ ቤት ውስጥ እየሮጠ ነው።
My father is running in the kitchen.	አባቴ ማዕድ ቤት ውስጥ እየሮጠ ነው።
My father is cooking dinner for the family.	አባቴ ለቤተሰቡ እራት እያበሰለ ነው።
The garden is beautiful.	የአትክልት ቦታው ያምራል።
The garden is big.	የአትክልት ቦታው ትልቅ ነው።
There are flowers in the garden.	በአትክልት ቦታው ውስጥ አበቦች አሉ።
My mother works in the garden.	እናቴ በአትክልት ቦታው ውስጥ ትሰራለች።
My father works in the garden.	አባቴ በአትክልት ቦታው ውስጥ ይሰራል።
We have a small garden.	ትንሽ የአትክልት ቦታ አለን።
The garden is behind the house.	የአትክልት ቦታው ከቤቱ ጀርባ ነው።
Children like to play.	ልጆች መጫወት ይወዳሉ።
Let us play.	እንጫወት።
Do not play in the street.	መንገድ ላይ አትጫወቱ።
